CUAUHTEMOC,CALZADA DE GUADALUPE NUM. 155
CUAUHTEMOC,SARASATE NO. 94
CUAUHTEMOC,CALZADA DE GUADALUPE NUM.. 166
CUAUHTEMOC,NEPTUNO NUM.. 30
CUAUHTEMOC,SCHUBERT NUM. 210
CUAUHTEMOC,LERDO NUM. 246
CUAUHTEMOC,CARUSO NUM. 98
CUAUHTEMOC,CALZ VALLEJO NO 1
CUAUHTEMOC,CALZ.RICARDO FLORES M.NUM 247
CUAUHTEMOC,OYAMEL Y CALZADA SAN SIMON
CUAUHTEMOC,CALZ. RICARDO FLORES M. NUM. 165
CUAUHTEMOC,LUNA NUM. 131
CUAUHTEMOC,RIVERO NUM. 29
CUAUHTEMOC,FCO GONZALEZ BOCANEGRA NO. 74
CUAUHTEMOC,ALMACENES No. 92
CUAUHTEMOC,WAGNER NUM. 34
CUAUHTEMOC,TETRAZZINI 102
CUAUHTEMOC,RICARDO BELL NUM. 95
CUAUHTEMOC,CONSTANTINO NUM.. 35
CUAUHTEMOC,MANUEL GONZALEZ NUM.. 180
CUAUHTEMOC,JAIME NUNO NUM.. 39
CUAUHTEMOC,VICENTE RIVA PALACIO NUM. 59
CUAUHTEMOC,INCAS NO 7
CUAUHTEMOC,REP DE BOLIVIA NO 56
CUAUHTEMOC,PLAZA DEL ESTUDIANTE 4
CUAUHTEMOC,DEL CARMEN 39
CUAUHTEMOC,ACADEMIA NUM.. 12
CUAUHTEMOC,JESUS MARIA NUM.. 5
CUAUHTEMOC,REGINA NUM. 86
CUAUHTEMOC,REPUBLICA DE CUBA No. 95
CUAUHTEMOC,CORREGIDORA NUM. 83
CUAUHTEMOC,ALHONDIGA Y SOLEDAD S/N
CUAUHTEMOC,HEROES NUM.. 25
CUAUHTEMOC,HEROES NUM. 121
CUAUHTEMOC,ZARCO NUM. 55
CUAUHTEMOC,ZARAGOZA NUM. 64
CUAUHTEMOC,PEDRO MORENO NUM. 141
CUAUHTEOC,HEROES NUM.. 27
CUAUHTEMOC,CEDRO NUM.. 258
CUAUHTEMOC,JAIME TORRES BODET NO 132
CUAUHTEMOC,MARIANO AZUELA NUM.. 128
CUAUHTEMOC,MANUEL MA. CONTRERAS NUM. 116
CUAUHTEMOC,ALFONSO HERRERA NUM. 2
CUAUHTEMOC,CEDRO NUM.. 348
CUAUHTEMOC,RIO RIN NUM. 74
CUAUHTEMOC,SERAPIO RENDON NO 48
CUAUHTEMOC,BOLIVAR NUM.. 162
CUAUHTEMOC,LAS CRUCES NO 45
CUAUHTEMOC,2do CALLEJON DE MESONES 1
CUAUHTEMOC,NIÑOS HEROES NO 20
CUAUHTEMOC,ARCOS DE BELEN NUM. 82
CUAUHTEMOC,ARCOS DE BELEN NUM. 45
CUAUHTEMOC,DR. LAVISTA NO 61
CUAUHTEMOC,TRES GUERRAS NO 17
CUAUHTEMOC,JOSE ANTONIO TORRES NO 745
CUAUHTEMOC,ENRIQUE BORDES MANGUEL NO 4000
CUAUHTEMOC,CALZADA DE LA VIGA NUM. 97
CUAUHTEMOC,AV. DEL TALLER NUM.. 47
CUAUHTEMOC,CHIHUAHUA 54
CUAUHTEMOC,BARCELONA NUM. 15
CUAUHTEMOC,ABRAHAM GONZALEZ NUM. 151
CUAUHTEMOC,JALAPA NO. 272
CUAUHTEMOC,JALAPA NUM. 272
CUAUHTEMOC,PZA DE LA VILLA DE MADRID NUM. 16
CUAUHTEMOC,COLIMA NUM. 293
CUAUHTEMOC,NAPOLES NUM. 67
CUAUHTEMOC,ORIZABA NUM. 90
CUAUHTEMOC,DURANGO NUM. 100
CUAUHTEMOC,CARLOS B ZETINA NUM. 16
CUAUHTEMOC,JUAN DE LA BARRERA 11
CUAUHTEMOC,SAN LUIS POTOSI NUM. 108
CUAUHTEMOC,TOLUCA No. CU
CUAUHTEMOC,TEHUANTEPEC NUM. 244
CUAUHTEMOC,MONTERREY NUM. 357
CUAUHTEMOC,DR. MORONES PRIETO NO. 89
CUAUHTEMOC,RAFAEL ANGEL DE LA PEÑA NUM. 73
CUAUHTEMOC,DR. BARRAGAN NUM. 189
CUAUHTEMOC,DR. ANDRADE Y OLVERA NO 190
CUAUHTEMOC,BARRAGAN NUM. 226
CUAUHTEMOC,DR. FEDERICO GOMEZ SANTOS NUM. 141
CUAUHTEMOC,VIADUCTO MIGUEL ALEMAN NO 87
CUAUHTEMOC,JOSE MA. BUSTILLOS NUM.. 60
CUAUHTEMOC,5 DE FEBRERO NO 188
CUAUHTEMOC,ISABEL LA CATOLICA NUM. 370
CUAJIMALPA DE MORELOS,LAS GRANJAS 10 B CARR MEX-TOL 15
CUAJIMALPA DE MORELOS,LAS GRANJAS 10 B CARR MEX-TOL 15
CUAJIMALPA DE MORELOS,EXPLOSIVOS NUM. 7
CUAJIMALPA DE MORELOS,CERRADA DE ENCINO NUM. 39
CUAJIMALPA DE MORELOS,HUIZACHITO NUM.. 91
CUAJIMALPA DE MORELOS,LIC. CASTILLO LEDON 121
CUAJIMALPA DE MORELOS,LIC. CASTILLO LEDON 121
CUAJIMALPA DE MORELOS,MONTE ENCINO NUM. 14
CUAJIMALPA DE MORELOS,MONTE ENCINO NUM. 14
CUAJIMALPA DE MORELOS,MINA NUM. 12
CUAJIMALPA DE MORELOS,MINA NUM. 12
CUAJIMALPA DE MORELOS,CARR MEXICO TOLUCA KM 21.5
CUAJIMALPA DE MORELOS,CARR MEXICO TOLUCA KM 21.5
CUAJIMALPA DE MORELOS,AV JUAREZ NUM. 8
CUAJIMALPA DE MORELOS,AV. PUERTO MEXICO S/N
CUAJIMALPA DE MORELOS,PROLONGACION DE OCAMPO NO 98
CUAJIMALPA DE MORELOS,SANTA RITA No. 230
ALVARO OBREGON,PARALELA 7 S/N CAM REAL A TOLUCA
ALVARO OBREGON,DE LOS POSTES S/N
ALVARO OBREGON,SOSTENES ROCHA NUM.. 44
ALVARO OBREGON,SUR 122 NUM. 10
ALVARO OBREGON,AV DE LAS ROSAS S/N
ALVARO OBREGON,HENEQUEN 40
ALVARO OBREGON,SUR 112 Y PROLG CALLE 2
ALVARO OBREGON,FAISON NUM. 8
ALVARO OBREGON,JOSE ESPINOZA F. Y PROLONG.CALLE 10 S/N
ALVARO OBREGON,CANARIO Y FELIPE ANGELES S/N
ALVARO OBREGON,MANZ 4 UNID HAB DEL IMSS
ALVARO OBREGON,AVENIDA MEXICANOS NUM.. 180
ALVARO OBREGON,QUERETANOS S/N
ALVARO OBREGON,MANZANA 4 S/N UNIDAD HABITACIONAL DEL IMSS
ALVARO OBREGON,AV ANTIGUA VIA LA VENTA S/N
ALVARO OBREGON,HOLANDESES Y CAMINO A STA. FE
ALVARO OBREGON,PARALELA 7 S/N
ALVARO OBREGON,POLVORA Y AV AUSTRIACOS
ALVARO OBREGON,AV INFORME DE GOBIERNO S/N
ALVARO OBREGON,SANTA BALBINA Y SAN FRANCISCO.
ALVARO OBREGON,PASO DEL MOLINO S/N
ALVARO OBREGON,AV TECOLALCO S N
ALVARO OBREGON,AVENIDA VASCO DE QUIROGA S/N
ALVARO OBREGON,CALLE PROGRESO SIN N�MERO.
ALVARO OBREGON,AV VASCO DE QUIROGA N�M. 1890
ALVARO OBREGON,CAPULA S/N
ALVARO OBREGON,AV. PRINCIPAL Y RET. DEL PARQUE
ALVARO OBREGON,AV HIDALGO Y CALLE 30
ALVARO OBREGON,AV HIDALGO NO 5
ALVARO OBREGON,LUIS ECHEVERRIA S/N
ALVARO OBREGON,TIZIANO Y VAN OSTADE NO 8
ALVARO OBREGON,MANZANA G ENTRE EDIFICIO G3 G20
ALVARO OBREGON,BENITO JUAREZ 1
ALVARO OBREGON,BENITO JUAREZ NO 118
ALVARO OBREGON,ROSA TREPADORA Y PONIENTE
ALVARO OBREGON,MANZ F EDIF. 35 S/N
ALVARO OBREGON,ANDADOR URANO S/N
ALVARO OBREGON,AV HIDALGO Y CALLE 36 S/N
ALVARO OBREGON,AV HIDALGO Y CALLE 36 S/N
ALVARO OBREGON,HACIENDA DE LA FLOR S/N.
ALVARO OBREGON,JESUS ROCHA Y AV SANTA LUCIA
ALVARO OBREGON,1A CERRADA PTO MAZATLAN S/N
ALVARO OBREGON,PUERTO MAZATLAN MANZ 11 LT 5
ALVARO OBREGON,OYAMEL Y ARAUCARIA
ALVARO OBREGON,AV. GUSTAVO DIAZ ORDAZ S/N
ALVARO OBREGON,AV. GUSTAVO DIAZ ORDAZ S/N.
ALVARO OBREGON,LUIS G. URBINA Y ROSQUIN S/N
ALVARO OBREGON,AV. DIAZ ORDAZ S/N
ALVARO OBREGON,RAYON NO 3
ALVARO OBREGON,MORELOS 19
ALVARO OBREGON,ALTO LERMA S/N
ALVARO OBREGON,ROSA VULCANO NUM. 2
ALVARO OBREGON,ROSA DE BENGALA Y DR. JOSE MONROY V. S/N
ALVARO OBREGON,ZONA COMERCIAL LOMAS DE PLATEROS
ALVARO OBREGON,CENTENARIO NUM. 88 BIS
ALVARO OBREGON,ROSA VULCANO NUM. 2
ALVARO OBREGON,AV STA. LUCIA NUM. 5
ALVARO OBREGON,MANZANA H 24
ALVARO OBREGON,REMOLINO NO. 4
ALVARO OBREGON,MANZANA H NUM.24
ALVARO OBREGON,CDA CENTENARIO S/N
ALVARO OBREGON,CALLE ANGEL REYES S/N
ALVARO OBREGON,AV. CENTENARIO NUM 1519
ALVARO OBREGON,AV DEL ROSAL S/N
ALVARO OBREGON,MADERO Y CDA DE CORTES S/N
ALVARO OBREGON,CALZADA LAS AGUILAS S/N
ALVARO OBREGON,PETRELES S\N
ALVARO OBREGON,ROMULO O FARRIL S/N
ALVARO OBREGON,PLAZA DEL CARMEN No 3
ALVARO OBREGON,CAÑADA 370
ALVARO OBREGON,AV MEXICO NUM. 19
ALVARO OBREGON,CALLE 3 MZA 8 LOTE 32
ALVARO OBREGON,ALCANFORES SIN NO.
ALVARO OBREGON,ALCANFORES SIN NO.
MIGUEL HIDALGO,LAGO LADOGA No. 300
MIGUEL HIDALGO,LAGO SAN JOSE No. 16 BIS
MIGUEL HIDALGO,PASEO DE LA REFORMA No. 1125
MIGUEL HIDALGO,AV MARINA NACIONAL No. 222
MIGUEL HIDALGO,BAHIAS SANTA BARBARA Y DESCANSO
MIGUEL HIDALGO,AV. CONSTITUYENTES No. 940
MIGUEL HIDALGO,CONSTITUYENTES Y ELECTRIFICACION S/N
MIGUEL HIDALGO,VICTORIANO CEPEDA No. 63
MIGUEL HIDALGO,AV OBSERVATORIO No. 44
MIGUEL HIDALGO,VICENTE EGUÑA No. 32
MIGUEL HIDALGO,PROTASIO TAGLE NO. 27
MIGUEL HIDALGO,MELCHOR MUZQUIZ No. 18
MIGUEL HIDALGO,AV. REVOLUCION No. 120
MIGUEL HIDALGO,AV. JOSE MARTIN No. 129
MIGUEL HIDALGO,LAGO WINNIPEG No. 7
MIGUEL HIDALGO,AVENIDA CANTIL No. 54
MIGUEL HIDALGO,PRESAS STA. ROSA Y DON MARTIN S/N
MIGUEL HIDALGO,PRESAS SOLIS Y SALINILLAS S/N
MIGUEL HIDALGO,CALZ.STA.CRUZ CACALCO No. 9
MIGUEL HIDALGO,LAGOS ZARICH Y GINEBRA S/N
MIGUEL HIDALGO,CAÑITO S/N
MIGUEL HIDALGO,RIO URUGUAY S/N
MIGUEL HIDALGO,LAGO IZABAL Y LAGO ILOPANGO
MIGUEL HIDALGO,LAGO CANEGUIN No. 29
MIGUEL HIDALGO,LAGOS PETEN Y GUIJA S/N
MIGUEL HIDALGO,LAGO WINNIPEG No. 75
MIGUEL HIDALGO,MAR DE BAFFIN No. 5
MIGUEL HIDALGO,GOLFO DE CALIFORNIA No. 15
MIGUEL HIDALGO,MAR ARAFURA No. 6
MIGUEL HIDALGO,AV. CUITLAHUAC Y MAR MEDITERRANEO S/N
MIGUEL HIDALGO,CALZ. MEXICO TACUBA No. 479
GUSTAVO A. MADERO,MANUEL JOSE OTHON 68 B41
GUSTAVO A. MADERO,MINA 4
GUSTAVO A. MADERO,FRANCISCO JAVIER MINA #121
GUSTAVO A. MADERO,ARTES 212
GUSTAVO A. MADERO,SAN PEDRO DE LOS PINOS 137 A 102
GUSTAVO A. MADERO,AV. MORELOS 437. INT 101 C
GUSTAVO A. MADERO,CHALCHITLICUE MZ. 7 LT. 13
GUSTAVO A. MADERO,FRANCISCO ESPEJEL 103
GUSTAVO A. MADERO,"PRESA DEL TULE, LT 7 MZ B "
GUSTAVO A. MADERO,AKIL 501
GUSTAVO A. MADERO,MORELOS Y PAVON 151-5
GUSTAVO A. MADERO,AV. SAN JERONIMO 
GUSTAVO A. MADERO,5 DE FEBRERO 85
GUSTAVO A. MADERO,PRIV. JESUS AZUELA MZ8 LT 2
GUSTAVO A. MADERO,SUR 38 MZ.85 LT.7
GUSTAVO A. MADERO,ANDADOR PARAISO NOVILLERO MZ. 4 LT. 4
GUSTAVO A. MADERO,CERRADA NARANJO MZ.10 LT.2 C 11
GUSTAVO A. MADERO,CHARRERIA 51B
GUSTAVO A. MADERO,AVENIDA MINAS PALACIO 193
GUSTAVO A. MADERO,MZ.F7 LTE. 8
GUSTAVO A. MADERO,INDIANA 218
GUSTAVO A. MADERO,PRIVADA SANTA CRUZ M6 L7
GUSTAVO A. MADERO,AV. DE LOS MAESTROS  # 519
GUSTAVO A. MADERO,GOBERNADOR JOSE CEBALLOS 13
GUSTAVO A. MADERO,13 DE SEPTIEMBRE 12
GUSTAVO A. MADERO,MIGUEL ANGEL 65 1
GUSTAVO A. MADERO,NIÑOS HEROES DE CHAPULTEPEC 102 B515
GUSTAVO A. MADERO,LAZARO CARDENAS #11
VENUSTIANO CARRANZA,AVE DEL PARAISO MZ 2 LT 20
VENUSTIANO CARRANZA,CALLE 5 LOTE 5 MANZANA 5 
VENUSTIANO CARRANZA,AVENIDA SAN JERONIMO SIN NUMERO 
VENUSTIANO CARRANZA,1A CD.DE RIO LERMA MZ 2 LT 64
VENUSTIANO CARRANZA,AV. MORELIA #67
VENUSTIANO CARRANZA,HUAYATLA #32
VENUSTIANO CARRANZA,2DA CERRADA DE AQUILES SERDAN #40
VENUSTIANO CARRANZA,DIVISION DEL NORTE #1000-401
VENUSTIANO CARRANZA,FRAY JUAN DE TORQUEMADA #38-5
VENUSTIANO CARRANZA,GOLFO DE AUSTRALIA #14C-301
VENUSTIANO CARRANZA,1 DE MAYO #90-306
VENUSTIANO CARRANZA,RUBEN DARIO #98-A
VENUSTIANO CARRANZA,CHONTALES #11
VENUSTIANO CARRANZA,AGUSTIN MELGAR #26-14
VENUSTIANO CARRANZA,MIGUEL SCHULTZ #31-4
VENUSTIANO CARRANZA,TEYOTL #6233
VENUSTIANO CARRANZA,FRAY JUAN DE TORQUEMADA #38-4
VENUSTIANO CARRANZA,RIO TLACOTALPAN #13
VENUSTIANO CARRANZA,33 #46
VENUSTIANO CARRANZA,DR. BARRAGAN #419
VENUSTIANO CARRANZA,JOSE CEBALLOS #42-C301
VENUSTIANO CARRANZA,JOSE CEBALLOS #42-C301
VENUSTIANO CARRANZA,LAGO ZIRAHUEN #66
VENUSTIANO CARRANZA,CERRADA DE COLIMA #303
VENUSTIANO CARRANZA,CERRADA DE COLIMA #303
VENUSTIANO CARRANZA,COMERCIO S/N
VENUSTIANO CARRANZA,JICAMA #14
VENUSTIANO CARRANZA,JARDINES S/N
VENUSTIANO CARRANZA,DR. GARCIADIEGO 78
VENUSTIANO CARRANZA,FRANCESES 42
VENUSTIANO CARRANZA,CAMPECHE EXT.366 INT.15
VENUSTIANO CARRANZA,COMERCIO S/N
VENUSTIANO CARRANZA,JICAMA #14
VENUSTIANO CARRANZA,LA GUERRILLERA 452
VENUSTIANO CARRANZA,PRIVADA RIO NAYA 33
VENUSTIANO CARRANZA,TONGA #52 
VENUSTIANO CARRANZA,LAGO CONSTANZA # 6
VENUSTIANO CARRANZA,TOLTECAS# 116 B1009
VENUSTIANO CARRANZA,LAGUNA DE TAMIAHUA
VENUSTIANO CARRANZA,7A. CERRADA DE GUERRERO NO 3
VENUSTIANO CARRANZA,LAS COSTERAS462
VENUSTIANO CARRANZA,CALLE 18 #169
VENUSTIANO CARRANZA,BOLIVIANOS 9-4
VENUSTIANO CARRANZA,ORIENTE 24 # 329
VENUSTIANO CARRANZA,COMONFORT 81 INT D102
VENUSTIANO CARRANZA,AV DE LOS CHOPOS M45 L19 C6
VENUSTIANO CARRANZA,UNIDAD HABITACIONAL MIGUEL HIDALGO MZ 3 LT19 
VENUSTIANO CARRANZA,FELIPE CARRILLO PUERTO 320-B106
VENUSTIANO CARRANZA,FELIPE CARRILLO PUERTO 320-B106
VENUSTIANO CARRANZA,TRANSVAAL 104
VENUSTIANO CARRANZA,EJE 3 SUR DOCTOR IGNACIO MORORNES PRIETO NO 26
VENUSTIANO CARRANZA,TRIPOLI 722
NAUCALPAN DE JUAREZ,TRIPOLI 722
NAUCALPAN DE JUAREZ,AV SAN ANTONIO #38
NAUCALPAN DE JUAREZ,AV JOSE MARTIN 129
NAUCALPAN DE JUAREZ,ANTROPOLOGOS 79
NAUCALPAN DE JUAREZ,AZTLAN M5 L6
NAUCALPAN DE JUAREZ,MOSQUETA 51 - 302B
NAUCALPAN DE JUAREZ,AMADO NERVO 19
NAUCALPAN DE JUAREZ,MARTIRES DE LA CONQUISTA 40 302
NAUCALPAN DE JUAREZ,PROLONGACION ROSALES MZ 2 LT 1
NAUCALPAN DE JUAREZ,CHABACANO L1 MZ 6
NAUCALPAN DE JUAREZ,MINERIA  100
NAUCALPAN DE JUAREZ,REINA XOCHITL 3 INT. 204
NAUCALPAN DE JUAREZ,CUITLAHUAC 116 B 140-302 D401
NAUCALPAN DE JUAREZ,MINERIA 120